[{"requiredObjects":[{"schema":"_SYS_BIC","name":"BasketAnalysis::COMBINESOURCESFORBASKETANALYSIS"}],"targetFiles":".\/BasketAnalysis\/BASEKETANALYSIS_CALCULATE.hdbcalculationview","sourceFile":".\/BasketAnalysis\/BASEKETANALYSIS_CALCULATE.calculationview"},{"requiredObjects":[{"schema":"BASKETANALYSISDATA","synonym":"BASKETANALYSISDATA__TLOGF_C","name":"TLOGF_C"},{"schema":"BASKETANALYSISDATA","synonym":"BASKETANALYSISDATA__TLOGF_O","name":"TLOGF_O"}],"targetFiles":".\/BasketAnalysis\/COMBINESOURCESFORBASKETANALYSIS.hdbcalculationview","sourceFile":".\/BasketAnalysis\/COMBINESOURCESFORBASKETANALYSIS.calculationview"}]