<?xml version='1.0'?>
<Table>
	<Catalog> 
		<Version>406</Version> 
		<AppliedMigrations>0 1 2 3 4 5 6 7 8 9 10 11 12 13 14 15 16 17 18 19 20 21 22 23 24 25 26 27 28 29 30 31 32 33 34 35 36 37 38 39 40 41 42 43 44 45 46 47 48 49 50 51 52 53 54 55 56 57 58 59 60 61 62 63 64 65 66 67 68 69 70 71 72 73 74 75 76 77 78 80 81 82 83 84 86 87 88 89 90 91 92 93 94 95 96 97 98 99 100 101 102 103 104 105 106 107 108 109 110 111 112 113 114 115 116 118 119 120 122 123 124 125 126 127 128 129 130 131 132 133 134 135 136 137 138 140 141 142 144 145 146 147 148 149 150 151 152 153 154 155 156 157 158 159 160 161 162 163 164 166 167 168 169 170 171 174 175 176 177 178 179 180 181 182 183 184 185 186 187 188 189 190 191 192 193 194 195 196 197 198 199 200 201 202 203 204 205 206 207 208 209 210 211 212 213 214 215 216 217 218 219 220 221 222 223 224 225 226 227 228 229 230 231 232 233 234 235 236 237 238 239 240 241 242 243 244 245 246 247 248 249 251 252 253 254 256 257 258 259 260 261 262 263 264 265 266 267 268 270 271 272 273 274 275 276 277 278 279 280 281 282 283 284 285 286 288 289 290 291 292 293 294 295 296 297 298 299 300 301 302 303 304 305 306 307 308 309 310 311 312 313 314 315 316 317 319 320 321 323 324 325 326 327 328 329 330 331 332 333 334 335 336 337 338 339 340 341 342 343 344 345 346 347 348 349 350 351 352 353 354 355 356 357 358 359 360 362 363 365 366 367 368 369 370 371 372 373 374 375 376 377 379 380 381 382 383 384 386 387 388 389 390 391 392 393 394 397 400 406 </AppliedMigrations>
	</Catalog>
	<Name>TLOGF_O</Name> 
	<IT>PHYSICAL_INDEX</IT>  
	<TF>language_detection auto_replication auto_create_languages auto_merge public auto_optimize_compression </TF>  
	<TFlags>2686989</TFlags>  
	<Descr></Descr> 
	<IsTmpInd>0</IsTmpInd> 
	<MinTPD>0</MinTPD> 
	<MaxTPD>268435455</MaxTPD> 
	<Flags>0</Flags> 
	<MlangLInd></MlangLInd>
	<NeedExtKeyTF>0</NeedExtKeyTF> 
	<SType>1</SType> 
	<PartSpec></PartSpec> 
	<KeyAttrs>
	</KeyAttrs>
	<DefPreAttrs>
 	</DefPreAttrs>
 	<FreeStyleAttrs>
	</FreeStyleAttrs>
	<AllAttrs>
		<Field>
			<Name>Index</Name>
			<SQLType>37</SQLType>
			<ABAPType>32</ABAPType>
			<TrexType>83</TrexType>
			<MdrsType>0</MdrsType>
			<Constr>0</Constr>
			<Offset>64</Offset>
			<Length>200</Length>
			<Scale>0</Scale>
			<OrdPos>0</OrdPos>
			<IdxInGrp>0</IdxInGrp>
			<Collat></Collat>
			<FieldId>201</FieldId> 
			<AttrType>AttributeType[STRING]</AttrType> 
			<Group></Group>
			<IntDigs>0</IntDigs>
			<FractDigs>0 </FractDigs>
			<IFlags>1</IFlags>
			<IParams></IParams>
			<FuzzyMode>0</FuzzyMode>
			<MinVal></MinVal>
			<MaxVal></MaxVal> 
			<UTFlags>1</UTFlags>
			<UType>1</UType>
			<LoadUnitHint>1</LoadUnitHint>
		</Field>
		<Field>
			<Name>ClientID</Name>
			<SQLType>37</SQLType>
			<ABAPType>32</ABAPType>
			<TrexType>83</TrexType>
			<MdrsType>0</MdrsType>
			<Constr>0</Constr>
			<Offset>64</Offset>
			<Length>200</Length>
			<Scale>0</Scale>
			<OrdPos>1</OrdPos>
			<IdxInGrp>1</IdxInGrp>
			<Collat></Collat>
			<FieldId>202</FieldId> 
			<AttrType>AttributeType[STRING]</AttrType> 
			<Group></Group>
			<IntDigs>0</IntDigs>
			<FractDigs>0 </FractDigs>
			<IFlags>1</IFlags>
			<IParams></IParams>
			<FuzzyMode>0</FuzzyMode>
			<MinVal></MinVal>
			<MaxVal></MaxVal> 
			<UTFlags>1</UTFlags>
			<UType>1</UType>
			<LoadUnitHint>1</LoadUnitHint>
		</Field>
		<Field>
			<Name>Name</Name>
			<SQLType>37</SQLType>
			<ABAPType>32</ABAPType>
			<TrexType>83</TrexType>
			<MdrsType>0</MdrsType>
			<Constr>0</Constr>
			<Offset>64</Offset>
			<Length>200</Length>
			<Scale>0</Scale>
			<OrdPos>2</OrdPos>
			<IdxInGrp>2</IdxInGrp>
			<Collat></Collat>
			<FieldId>203</FieldId> 
			<AttrType>AttributeType[STRING]</AttrType> 
			<Group></Group>
			<IntDigs>0</IntDigs>
			<FractDigs>0 </FractDigs>
			<IFlags>1</IFlags>
			<IParams></IParams>
			<FuzzyMode>0</FuzzyMode>
			<MinVal></MinVal>
			<MaxVal></MaxVal> 
			<UTFlags>1</UTFlags>
			<UType>1</UType>
			<LoadUnitHint>1</LoadUnitHint>
		</Field>
		<Field>
			<Name>Gender</Name>
			<SQLType>37</SQLType>
			<ABAPType>32</ABAPType>
			<TrexType>83</TrexType>
			<MdrsType>0</MdrsType>
			<Constr>0</Constr>
			<Offset>64</Offset>
			<Length>200</Length>
			<Scale>0</Scale>
			<OrdPos>3</OrdPos>
			<IdxInGrp>3</IdxInGrp>
			<Collat></Collat>
			<FieldId>204</FieldId> 
			<AttrType>AttributeType[STRING]</AttrType> 
			<Group></Group>
			<IntDigs>0</IntDigs>
			<FractDigs>0 </FractDigs>
			<IFlags>1</IFlags>
			<IParams></IParams>
			<FuzzyMode>0</FuzzyMode>
			<MinVal></MinVal>
			<MaxVal></MaxVal> 
			<UTFlags>1</UTFlags>
			<UType>1</UType>
			<LoadUnitHint>1</LoadUnitHint>
		</Field>
		<Field>
			<Name>Birthdate</Name>
			<SQLType>63</SQLType>
			<ABAPType>32</ABAPType>
			<TrexType>101</TrexType>
			<MdrsType>0</MdrsType>
			<Constr>0</Constr>
			<Offset>4</Offset>
			<Length>4</Length>
			<Scale>0</Scale>
			<OrdPos>4</OrdPos>
			<IdxInGrp>0</IdxInGrp>
			<Collat></Collat>
			<FieldId>205</FieldId> 
			<AttrType>AttributeType[DAYDATE]</AttrType> 
			<Group></Group>
			<IntDigs>0</IntDigs>
			<FractDigs>0 </FractDigs>
			<IFlags>1</IFlags>
			<IParams></IParams>
			<FuzzyMode>0</FuzzyMode>
			<MinVal></MinVal>
			<MaxVal></MaxVal> 
			<UTFlags>1</UTFlags>
			<UType>1</UType>
			<LoadUnitHint>1</LoadUnitHint>
		</Field>
		<Field>
			<Name>Occupation</Name>
			<SQLType>37</SQLType>
			<ABAPType>32</ABAPType>
			<TrexType>83</TrexType>
			<MdrsType>0</MdrsType>
			<Constr>0</Constr>
			<Offset>64</Offset>
			<Length>200</Length>
			<Scale>0</Scale>
			<OrdPos>5</OrdPos>
			<IdxInGrp>4</IdxInGrp>
			<Collat></Collat>
			<FieldId>206</FieldId> 
			<AttrType>AttributeType[STRING]</AttrType> 
			<Group></Group>
			<IntDigs>0</IntDigs>
			<FractDigs>0 </FractDigs>
			<IFlags>1</IFlags>
			<IParams></IParams>
			<FuzzyMode>0</FuzzyMode>
			<MinVal></MinVal>
			<MaxVal></MaxVal> 
			<UTFlags>1</UTFlags>
			<UType>1</UType>
			<LoadUnitHint>1</LoadUnitHint>
		</Field>
		<Field>
			<Name>City</Name>
			<SQLType>37</SQLType>
			<ABAPType>32</ABAPType>
			<TrexType>83</TrexType>
			<MdrsType>0</MdrsType>
			<Constr>0</Constr>
			<Offset>64</Offset>
			<Length>200</Length>
			<Scale>0</Scale>
			<OrdPos>6</OrdPos>
			<IdxInGrp>5</IdxInGrp>
			<Collat></Collat>
			<FieldId>207</FieldId> 
			<AttrType>AttributeType[STRING]</AttrType> 
			<Group></Group>
			<IntDigs>0</IntDigs>
			<FractDigs>0 </FractDigs>
			<IFlags>1</IFlags>
			<IParams></IParams>
			<FuzzyMode>0</FuzzyMode>
			<MinVal></MinVal>
			<MaxVal></MaxVal> 
			<UTFlags>1</UTFlags>
			<UType>1</UType>
			<LoadUnitHint>1</LoadUnitHint>
		</Field>
		<Field>
			<Name>City_</Name>
			<SQLType>37</SQLType>
			<ABAPType>32</ABAPType>
			<TrexType>83</TrexType>
			<MdrsType>0</MdrsType>
			<Constr>0</Constr>
			<Offset>88</Offset>
			<Length>200</Length>
			<Scale>0</Scale>
			<OrdPos>7</OrdPos>
			<IdxInGrp>0</IdxInGrp>
			<Collat></Collat>
			<FieldId>208</FieldId> 
			<AttrType>AttributeType[STRING]</AttrType> 
			<Group></Group>
			<IntDigs>0</IntDigs>
			<FractDigs>0 </FractDigs>
			<IFlags>1</IFlags>
			<IParams></IParams>
			<FuzzyMode>0</FuzzyMode>
			<MinVal></MinVal>
			<MaxVal></MaxVal> 
			<UTFlags>1</UTFlags>
			<UType>1</UType>
			<LoadUnitHint>1</LoadUnitHint>
		</Field>
		<Field>
			<Name>latitude</Name>
			<SQLType>37</SQLType>
			<ABAPType>32</ABAPType>
			<TrexType>83</TrexType>
			<MdrsType>0</MdrsType>
			<Constr>0</Constr>
			<Offset>88</Offset>
			<Length>200</Length>
			<Scale>0</Scale>
			<OrdPos>8</OrdPos>
			<IdxInGrp>1</IdxInGrp>
			<Collat></Collat>
			<FieldId>209</FieldId> 
			<AttrType>AttributeType[STRING]</AttrType> 
			<Group></Group>
			<IntDigs>0</IntDigs>
			<FractDigs>0 </FractDigs>
			<IFlags>1</IFlags>
			<IParams></IParams>
			<FuzzyMode>0</FuzzyMode>
			<MinVal></MinVal>
			<MaxVal></MaxVal> 
			<UTFlags>1</UTFlags>
			<UType>1</UType>
			<LoadUnitHint>1</LoadUnitHint>
		</Field>
		<Field>
			<Name>longitude</Name>
			<SQLType>37</SQLType>
			<ABAPType>32</ABAPType>
			<TrexType>83</TrexType>
			<MdrsType>0</MdrsType>
			<Constr>0</Constr>
			<Offset>88</Offset>
			<Length>200</Length>
			<Scale>0</Scale>
			<OrdPos>9</OrdPos>
			<IdxInGrp>2</IdxInGrp>
			<Collat></Collat>
			<FieldId>210</FieldId> 
			<AttrType>AttributeType[STRING]</AttrType> 
			<Group></Group>
			<IntDigs>0</IntDigs>
			<FractDigs>0 </FractDigs>
			<IFlags>1</IFlags>
			<IParams></IParams>
			<FuzzyMode>0</FuzzyMode>
			<MinVal></MinVal>
			<MaxVal></MaxVal> 
			<UTFlags>1</UTFlags>
			<UType>1</UType>
			<LoadUnitHint>1</LoadUnitHint>
		</Field>
		<Field>
			<Name>OrderID</Name>
			<SQLType>37</SQLType>
			<ABAPType>32</ABAPType>
			<TrexType>83</TrexType>
			<MdrsType>0</MdrsType>
			<Constr>0</Constr>
			<Offset>88</Offset>
			<Length>200</Length>
			<Scale>0</Scale>
			<OrdPos>10</OrdPos>
			<IdxInGrp>3</IdxInGrp>
			<Collat></Collat>
			<FieldId>211</FieldId> 
			<AttrType>AttributeType[STRING]</AttrType> 
			<Group></Group>
			<IntDigs>0</IntDigs>
			<FractDigs>0 </FractDigs>
			<IFlags>1</IFlags>
			<IParams></IParams>
			<FuzzyMode>0</FuzzyMode>
			<MinVal></MinVal>
			<MaxVal></MaxVal> 
			<UTFlags>1</UTFlags>
			<UType>1</UType>
			<LoadUnitHint>1</LoadUnitHint>
		</Field>
		<Field>
			<Name>OrderDate</Name>
			<SQLType>63</SQLType>
			<ABAPType>32</ABAPType>
			<TrexType>101</TrexType>
			<MdrsType>0</MdrsType>
			<Constr>1</Constr>
			<Offset>8</Offset>
			<Length>4</Length>
			<Scale>0</Scale>
			<OrdPos>11</OrdPos>
			<IdxInGrp>0</IdxInGrp>
			<Collat></Collat>
			<FieldId>212</FieldId> 
			<AttrType>AttributeType[DAYDATE]</AttrType> 
			<Group></Group>
			<IntDigs>0</IntDigs>
			<FractDigs>0 </FractDigs>
			<IFlags>1</IFlags>
			<IParams></IParams>
			<FuzzyMode>0</FuzzyMode>
			<MinVal></MinVal>
			<MaxVal></MaxVal> 
			<UTFlags>1</UTFlags>
			<UType>1</UType>
			<LoadUnitHint>1</LoadUnitHint>
		</Field>
		<Field>
			<Name>OrderYear</Name>
			<SQLType>3</SQLType>
			<ABAPType>32</ABAPType>
			<TrexType>73</TrexType>
			<MdrsType>0</MdrsType>
			<Constr>0</Constr>
			<Offset>12</Offset>
			<Length>5</Length>
			<Scale>0</Scale>
			<OrdPos>12</OrdPos>
			<IdxInGrp>0</IdxInGrp>
			<Collat></Collat>
			<FieldId>213</FieldId> 
			<AttrType>AttributeType[INTEGER]</AttrType> 
			<Group></Group>
			<IntDigs>0</IntDigs>
			<FractDigs>0 </FractDigs>
			<IFlags>1</IFlags>
			<IParams></IParams>
			<FuzzyMode>0</FuzzyMode>
			<MinVal></MinVal>
			<MaxVal></MaxVal> 
			<UTFlags>1</UTFlags>
			<UType>1</UType>
			<LoadUnitHint>1</LoadUnitHint>
		</Field>
		<Field>
			<Name>OrderPrice</Name>
			<SQLType>34</SQLType>
			<ABAPType>32</ABAPType>
			<TrexType>66</TrexType>
			<MdrsType>0</MdrsType>
			<Constr>0</Constr>
			<Offset>17</Offset>
			<Length>10</Length>
			<Scale>2</Scale>
			<OrdPos>13</OrdPos>
			<IdxInGrp>0</IdxInGrp>
			<Collat></Collat>
			<FieldId>214</FieldId> 
			<AttrType>AttributeType[FIXED]</AttrType> 
			<Group></Group>
			<IntDigs>8</IntDigs>
			<FractDigs>2 </FractDigs>
			<IFlags>1</IFlags>
			<IParams></IParams>
			<FuzzyMode>0</FuzzyMode>
			<MinVal></MinVal>
			<MaxVal></MaxVal> 
			<UTFlags>1</UTFlags>
			<UType>1</UType>
			<LoadUnitHint>1</LoadUnitHint>
		</Field>
		<Field>
			<Name>OrderPay</Name>
			<SQLType>34</SQLType>
			<ABAPType>32</ABAPType>
			<TrexType>66</TrexType>
			<MdrsType>0</MdrsType>
			<Constr>0</Constr>
			<Offset>23</Offset>
			<Length>10</Length>
			<Scale>2</Scale>
			<OrdPos>14</OrdPos>
			<IdxInGrp>0</IdxInGrp>
			<Collat></Collat>
			<FieldId>215</FieldId> 
			<AttrType>AttributeType[FIXED]</AttrType> 
			<Group></Group>
			<IntDigs>8</IntDigs>
			<FractDigs>2 </FractDigs>
			<IFlags>1</IFlags>
			<IParams></IParams>
			<FuzzyMode>0</FuzzyMode>
			<MinVal></MinVal>
			<MaxVal></MaxVal> 
			<UTFlags>1</UTFlags>
			<UType>1</UType>
			<LoadUnitHint>1</LoadUnitHint>
		</Field>
		<Field>
			<Name>No.OrderItems</Name>
			<SQLType>3</SQLType>
			<ABAPType>32</ABAPType>
			<TrexType>73</TrexType>
			<MdrsType>0</MdrsType>
			<Constr>0</Constr>
			<Offset>29</Offset>
			<Length>5</Length>
			<Scale>0</Scale>
			<OrdPos>15</OrdPos>
			<IdxInGrp>0</IdxInGrp>
			<Collat></Collat>
			<FieldId>216</FieldId> 
			<AttrType>AttributeType[INTEGER]</AttrType> 
			<Group></Group>
			<IntDigs>0</IntDigs>
			<FractDigs>0 </FractDigs>
			<IFlags>1</IFlags>
			<IParams></IParams>
			<FuzzyMode>0</FuzzyMode>
			<MinVal></MinVal>
			<MaxVal></MaxVal> 
			<UTFlags>1</UTFlags>
			<UType>1</UType>
			<LoadUnitHint>1</LoadUnitHint>
		</Field>
		<Field>
			<Name>ProductName</Name>
			<SQLType>37</SQLType>
			<ABAPType>32</ABAPType>
			<TrexType>83</TrexType>
			<MdrsType>0</MdrsType>
			<Constr>0</Constr>
			<Offset>88</Offset>
			<Length>200</Length>
			<Scale>0</Scale>
			<OrdPos>16</OrdPos>
			<IdxInGrp>4</IdxInGrp>
			<Collat></Collat>
			<FieldId>217</FieldId> 
			<AttrType>AttributeType[STRING]</AttrType> 
			<Group></Group>
			<IntDigs>0</IntDigs>
			<FractDigs>0 </FractDigs>
			<IFlags>1</IFlags>
			<IParams></IParams>
			<FuzzyMode>0</FuzzyMode>
			<MinVal></MinVal>
			<MaxVal></MaxVal> 
			<UTFlags>1</UTFlags>
			<UType>1</UType>
			<LoadUnitHint>1</LoadUnitHint>
		</Field>
		<Field>
			<Name>ItemCategory</Name>
			<SQLType>37</SQLType>
			<ABAPType>32</ABAPType>
			<TrexType>83</TrexType>
			<MdrsType>0</MdrsType>
			<Constr>0</Constr>
			<Offset>88</Offset>
			<Length>200</Length>
			<Scale>0</Scale>
			<OrdPos>17</OrdPos>
			<IdxInGrp>5</IdxInGrp>
			<Collat></Collat>
			<FieldId>218</FieldId> 
			<AttrType>AttributeType[STRING]</AttrType> 
			<Group></Group>
			<IntDigs>0</IntDigs>
			<FractDigs>0 </FractDigs>
			<IFlags>1</IFlags>
			<IParams></IParams>
			<FuzzyMode>0</FuzzyMode>
			<MinVal></MinVal>
			<MaxVal></MaxVal> 
			<UTFlags>1</UTFlags>
			<UType>1</UType>
			<LoadUnitHint>1</LoadUnitHint>
		</Field>
		<Field>
			<Name>ItemPrice</Name>
			<SQLType>34</SQLType>
			<ABAPType>32</ABAPType>
			<TrexType>66</TrexType>
			<MdrsType>0</MdrsType>
			<Constr>0</Constr>
			<Offset>34</Offset>
			<Length>10</Length>
			<Scale>2</Scale>
			<OrdPos>18</OrdPos>
			<IdxInGrp>0</IdxInGrp>
			<Collat></Collat>
			<FieldId>219</FieldId> 
			<AttrType>AttributeType[FIXED]</AttrType> 
			<Group></Group>
			<IntDigs>8</IntDigs>
			<FractDigs>2 </FractDigs>
			<IFlags>1</IFlags>
			<IParams></IParams>
			<FuzzyMode>0</FuzzyMode>
			<MinVal></MinVal>
			<MaxVal></MaxVal> 
			<UTFlags>1</UTFlags>
			<UType>1</UType>
			<LoadUnitHint>1</LoadUnitHint>
		</Field>
		<Field>
			<Name>ItemSoldPrice</Name>
			<SQLType>34</SQLType>
			<ABAPType>32</ABAPType>
			<TrexType>66</TrexType>
			<MdrsType>0</MdrsType>
			<Constr>0</Constr>
			<Offset>40</Offset>
			<Length>10</Length>
			<Scale>2</Scale>
			<OrdPos>19</OrdPos>
			<IdxInGrp>0</IdxInGrp>
			<Collat></Collat>
			<FieldId>220</FieldId> 
			<AttrType>AttributeType[FIXED]</AttrType> 
			<Group></Group>
			<IntDigs>8</IntDigs>
			<FractDigs>2 </FractDigs>
			<IFlags>1</IFlags>
			<IParams></IParams>
			<FuzzyMode>0</FuzzyMode>
			<MinVal></MinVal>
			<MaxVal></MaxVal> 
			<UTFlags>1</UTFlags>
			<UType>1</UType>
			<LoadUnitHint>1</LoadUnitHint>
		</Field>
		<Field>
			<Name>ItemDiscount</Name>
			<SQLType>34</SQLType>
			<ABAPType>32</ABAPType>
			<TrexType>66</TrexType>
			<MdrsType>0</MdrsType>
			<Constr>0</Constr>
			<Offset>46</Offset>
			<Length>10</Length>
			<Scale>2</Scale>
			<OrdPos>20</OrdPos>
			<IdxInGrp>0</IdxInGrp>
			<Collat></Collat>
			<FieldId>221</FieldId> 
			<AttrType>AttributeType[FIXED]</AttrType> 
			<Group></Group>
			<IntDigs>8</IntDigs>
			<FractDigs>2 </FractDigs>
			<IFlags>1</IFlags>
			<IParams></IParams>
			<FuzzyMode>0</FuzzyMode>
			<MinVal></MinVal>
			<MaxVal></MaxVal> 
			<UTFlags>1</UTFlags>
			<UType>1</UType>
			<LoadUnitHint>1</LoadUnitHint>
		</Field>
		<Field>
			<Name>No.Item</Name>
			<SQLType>3</SQLType>
			<ABAPType>32</ABAPType>
			<TrexType>73</TrexType>
			<MdrsType>0</MdrsType>
			<Constr>0</Constr>
			<Offset>52</Offset>
			<Length>5</Length>
			<Scale>0</Scale>
			<OrdPos>21</OrdPos>
			<IdxInGrp>0</IdxInGrp>
			<Collat></Collat>
			<FieldId>222</FieldId> 
			<AttrType>AttributeType[INTEGER]</AttrType> 
			<Group></Group>
			<IntDigs>0</IntDigs>
			<FractDigs>0 </FractDigs>
			<IFlags>1</IFlags>
			<IParams></IParams>
			<FuzzyMode>0</FuzzyMode>
			<MinVal></MinVal>
			<MaxVal></MaxVal> 
			<UTFlags>1</UTFlags>
			<UType>1</UType>
			<LoadUnitHint>1</LoadUnitHint>
		</Field>
		<Field>
			<Name>ItemTotalSoldPrice</Name>
			<SQLType>34</SQLType>
			<ABAPType>32</ABAPType>
			<TrexType>66</TrexType>
			<MdrsType>0</MdrsType>
			<Constr>0</Constr>
			<Offset>57</Offset>
			<Length>10</Length>
			<Scale>2</Scale>
			<OrdPos>22</OrdPos>
			<IdxInGrp>0</IdxInGrp>
			<Collat></Collat>
			<FieldId>223</FieldId> 
			<AttrType>AttributeType[FIXED]</AttrType> 
			<Group></Group>
			<IntDigs>8</IntDigs>
			<FractDigs>2 </FractDigs>
			<IFlags>1</IFlags>
			<IParams></IParams>
			<FuzzyMode>0</FuzzyMode>
			<MinVal></MinVal>
			<MaxVal></MaxVal> 
			<UTFlags>1</UTFlags>
			<UType>1</UType>
			<LoadUnitHint>1</LoadUnitHint>
		</Field>
		<Field>
			<Name>$trex_udiv$</Name>
			<TrexType>73</TrexType>
			<FieldId>5</FieldId> 
			<AttrType>AttributeType[INTEGER]</AttrType> 
			<Group></Group>
			<IntDigs>0</IntDigs>
			<FractDigs>0 </FractDigs>
			<IFlags>16385</IFlags>
			<IParams></IParams>
			<FuzzyMode>0</FuzzyMode>
			<MinVal></MinVal>
			<MaxVal></MaxVal> 
			<UTFlags>0</UTFlags>
			<UType>0</UType>
			<LoadUnitHint>1</LoadUnitHint>
		</Field>
		<Field>
			<Name>$rowid$</Name>
			<TrexType>66</TrexType>
			<FieldId>7</FieldId> 
			<AttrType>AttributeType[FIXED]</AttrType> 
			<Group></Group>
			<IntDigs>18</IntDigs>
			<FractDigs>0 </FractDigs>
			<IFlags>134217729</IFlags>
			<IParams></IParams>
			<FuzzyMode>0</FuzzyMode>
			<MinVal></MinVal>
			<MaxVal></MaxVal> 
			<UTFlags>0</UTFlags>
			<UType>0</UType>
			<LoadUnitHint>1</LoadUnitHint>
		</Field>
	</AllAttrs>
</Table>
